[{"model": "auth.user", "fields": {"password": "pbkdf2_sha256$260000$aZC0tCJ1gEGzxTkN7WkRKj$7eDwNlps1wcn9f9Fx4doRf8CsRwyiw6QarIilrq4aqU=", "last_login": "2025-08-16T13:53:40.530Z", "is_superuser": true, "username": "siser", "first_name": "", "last_name": "", "email": "siser@siser.com", "is_staff": true, "is_active": true, "date_joined": "2025-05-24T23:21:03.200Z", "groups": [], "user_permissions": []}}, {"model": "sessions.session", "pk": "0r9g24do461cpzgv68ipsywlirm820h8", "fields": {"session_data": ".eJxVjEsOwjAMBe-SNYoSk7Q2S_Y9QxUnNi2gVOpnhbg7VOoCtm9m3sv0aVuHfltk7sdiLsab0-_GKT-k7qDcU71NNk91nUe2u2IPuthuKvK8Hu7fwZCW4VtnVhUtDrwv4CiCalB0rXCU4jCAb1pWQkRCjUkynYGwpRiBIXBj3h_6QzfG:1ukoCy:sfd2OCzyYq7BWlTaJiDR8IPXhoJ_j0ZCe9oqUeWINhI", "expire_date": "2025-08-23T18:22:20.724Z"}}, {"model": "sessions.session", "pk": "1p1wv2p3my070831tomzmsl2yqx1bums", "fields": {"session_data": ".eJxVjEsOwjAMBe-SNYoSk7Q2S_Y9QxUnNi2gVOpnhbg7VOoCtm9m3sv0aVuHfltk7sdiLsab0-_GKT-k7qDcU71NNk91nUe2u2IPuthuKvK8Hu7fwZCW4VtnVhUtDrwv4CiCalB0rXCU4jCAb1pWQkRCjUkynYGwpRiBIXBj3h_6QzfG:1uP5sX:cTsG3BKkT6eEJTbV6iDR8lztMMaXk78RfiK2LzGbTKk", "expire_date": "2025-06-24T20:47:29.112Z"}}, {"model": "sessions.session", "pk": "2x6osjhaxgkitxx61h82hhn3jswh2lye", "fields": {"session_data": ".eJxVjEsOwjAMBe-SNYoSk7Q2S_Y9QxUnNi2gVOpnhbg7VOoCtm9m3sv0aVuHfltk7sdiLsab0-_GKT-k7qDcU71NNk91nUe2u2IPuthuKvK8Hu7fwZCW4VtnVhUtDrwv4CiCalB0rXCU4jCAb1pWQkRCjUkynYGwpRiBIXBj3h_6QzfG:1uk7fs:KtK96NU83aoeD0tqOmn1iRPmOgDeZG3hodHp6YXdlJg", "expire_date": "2025-08-21T20:57:20.106Z"}}, {"model": "sessions.session", "pk": "6sa77yc6jfn78rnq8mdt2tttxac9ayaf", "fields": {"session_data": ".eJxVjEsOwjAMBe-SNYoSk7Q2S_Y9QxUnNi2gVOpnhbg7VOoCtm9m3sv0aVuHfltk7sdiLsab0-_GKT-k7qDcU71NNk91nUe2u2IPuthuKvK8Hu7fwZCW4VtnVhUtDrwv4CiCalB0rXCU4jCAb1pWQkRCjUkynYGwpRiBIXBj3h_6QzfG:1ueGpz:nAqfQJxv_ivxNaZjEAhVPbMQ_Uu6DyCbGae_d9XInFk", "expire_date": "2025-08-05T17:31:35.994Z"}}, {"model": "sessions.session", "pk": "7j44zmkh38c64c50k6nghhvmciuj279j", "fields": {"session_data": ".eJxVjEsOwjAMBe-SNYoSk7Q2S_Y9QxUnNi2gVOpnhbg7VOoCtm9m3sv0aVuHfltk7sdiLsab0-_GKT-k7qDcU71NNk91nUe2u2IPuthuKvK8Hu7fwZCW4VtnVhUtDrwv4CiCalB0rXCU4jCAb1pWQkRCjUkynYGwpRiBIXBj3h_6QzfG:1uNr4X:ZwMFHSPJ9DCCReV8cskNIToEzX2ZN4vZ-HSCMpfC7GQ", "expire_date": "2025-06-21T10:46:45.718Z"}}, {"model": "sessions.session", "pk": "8hsxqa8uyw9rwntfcdqrgiscvuq6ytlf", "fields": {"session_data": ".eJxVjEsOwjAMBe-SNYoSk7Q2S_Y9QxUnNi2gVOpnhbg7VOoCtm9m3sv0aVuHfltk7sdiLsab0-_GKT-k7qDcU71NNk91nUe2u2IPuthuKvK8Hu7fwZCW4VtnVhUtDrwv4CiCalB0rXCU4jCAb1pWQkRCjUkynYGwpRiBIXBj3h_6QzfG:1umxAX:WSXizPUpWDOFLGNYM_TmvzZORiBVlxrIQ01-YyvzCp4", "expire_date": "2025-08-29T16:20:41.444Z"}}, {"model": "sessions.session", "pk": "96w7bj34cwxzks6ijnbp5hzu6juvvwnl", "fields": {"session_data": ".eJxVjEsOwjAMBe-SNYoSk7Q2S_Y9QxUnNi2gVOpnhbg7VOoCtm9m3sv0aVuHfltk7sdiLsab0-_GKT-k7qDcU71NNk91nUe2u2IPuthuKvK8Hu7fwZCW4VtnVhUtDrwv4CiCalB0rXCU4jCAb1pWQkRCjUkynYGwpRiBIXBj3h_6QzfG:1uhqou:y8rCaQvUxkl_NY8-4RlVGGhXrXfDcV2k5tpCaj9e5wY", "expire_date": "2025-08-15T14:33:16.138Z"}}, {"model": "sessions.session", "pk": "9hd6ywu0le7p5bycymhtcd2lr29623qe", "fields": {"session_data": ".eJxVjEsOwjAMBe-SNYoSk7Q2S_Y9QxUnNi2gVOpnhbg7VOoCtm9m3sv0aVuHfltk7sdiLsab0-_GKT-k7qDcU71NNk91nUe2u2IPuthuKvK8Hu7fwZCW4VtnVhUtDrwv4CiCalB0rXCU4jCAb1pWQkRCjUkynYGwpRiBIXBj3h_6QzfG:1uXJ0b:SLkVxm92-1y_eHzgQUcZPgP4u9DGod93PouCVoX-Tpc", "expire_date": "2025-07-17T12:25:45.004Z"}}, {"model": "sessions.session", "pk": "a4uoi1cf7w0jei0n1w2qdh0z9k22ed5u", "fields": {"session_data": ".eJxVjEsOwjAMBe-SNYoSk7Q2S_Y9QxUnNi2gVOpnhbg7VOoCtm9m3sv0aVuHfltk7sdiLsab0-_GKT-k7qDcU71NNk91nUe2u2IPuthuKvK8Hu7fwZCW4VtnVhUtDrwv4CiCalB0rXCU4jCAb1pWQkRCjUkynYGwpRiBIXBj3h_6QzfG:1uJqPI:eJSwOZ_J0IE293fMzyZtJn1PkdZo-j040eRiZBENEJw", "expire_date": "2025-06-10T09:15:36.445Z"}}, {"model": "sessions.session", "pk": "ae1sa85ct0n0ipc8vh96i8ya3i8anhjg", "fields": {"session_data": ".eJxVjEsOwjAMBe-SNYoSk7Q2S_Y9QxUnNi2gVOpnhbg7VOoCtm9m3sv0aVuHfltk7sdiLsab0-_GKT-k7qDcU71NNk91nUe2u2IPuthuKvK8Hu7fwZCW4VtnVhUtDrwv4CiCalB0rXCU4jCAb1pWQkRCjUkynYGwpRiBIXBj3h_6QzfG:1uIyB2:OYpXrs-fFo_XUy6DFSkHyVICQi__3pdrRHnlu--dJIg", "expire_date": "2025-06-07T23:21:16.359Z"}}, {"model": "sessions.session", "pk": "cf9shc6zch7d86mxq6iymfdib39vbimg", "fields": {"session_data": ".eJxVjEsOwjAMBe-SNYoSk7Q2S_Y9QxUnNi2gVOpnhbg7VOoCtm9m3sv0aVuHfltk7sdiLsab0-_GKT-k7qDcU71NNk91nUe2u2IPuthuKvK8Hu7fwZCW4VtnVhUtDrwv4CiCalB0rXCU4jCAb1pWQkRCjUkynYGwpRiBIXBj3h_6QzfG:1uX3OY:qMzE7yoOTm1nif580huwE6IrnlI0qKeFVN7hNzYFlWg", "expire_date": "2025-07-16T19:45:26.318Z"}}, {"model": "sessions.session", "pk": "gekn9rx9iyw4npb4ygjgjr25ugv3xnlg", "fields": {"session_data": ".eJxVjEsOwjAMBe-SNYoSk7Q2S_Y9QxUnNi2gVOpnhbg7VOoCtm9m3sv0aVuHfltk7sdiLsab0-_GKT-k7qDcU71NNk91nUe2u2IPuthuKvK8Hu7fwZCW4VtnVhUtDrwv4CiCalB0rXCU4jCAb1pWQkRCjUkynYGwpRiBIXBj3h_6QzfG:1uRq4O:-QoDLNyxaOrgvour0cSjhxKrhujPke7jVDcNMH3e3Y0", "expire_date": "2025-07-02T10:31:04.326Z"}}, {"model": "sessions.session", "pk": "i7oulb7k6kharovacw7f90o833dyt2tt", "fields": {"session_data": ".eJxVjEsOwjAMBe-SNYoSk7Q2S_Y9QxUnNi2gVOpnhbg7VOoCtm9m3sv0aVuHfltk7sdiLsab0-_GKT-k7qDcU71NNk91nUe2u2IPuthuKvK8Hu7fwZCW4VtnVhUtDrwv4CiCalB0rXCU4jCAb1pWQkRCjUkynYGwpRiBIXBj3h_6QzfG:1un1iu:LlCFfgJQZN3hYznND6nmxnyhVC2YdY9XIZ7Z84ZxNYc", "expire_date": "2025-08-29T21:12:28.296Z"}}, {"model": "sessions.session", "pk": "jtl4oq3yhr8bah9uqdyjgem92kmqokn2", "fields": {"session_data": ".eJxVjEsOwjAMBe-SNYoSk7Q2S_Y9QxUnNi2gVOpnhbg7VOoCtm9m3sv0aVuHfltk7sdiLsab0-_GKT-k7qDcU71NNk91nUe2u2IPuthuKvK8Hu7fwZCW4VtnVhUtDrwv4CiCalB0rXCU4jCAb1pWQkRCjUkynYGwpRiBIXBj3h_6QzfG:1uJI1D:y7LA7eBkGsW2-0ch-RxPP0srW0ZAJ4BNeiBUjfNHNoA", "expire_date": "2025-06-08T20:32:27.929Z"}}, {"model": "sessions.session", "pk": "k0sf63u5ty3od0xgb9jqennghyt2slmu", "fields": {"session_data": ".eJxVjEsOwjAMBe-SNYoSk7Q2S_Y9QxUnNi2gVOpnhbg7VOoCtm9m3sv0aVuHfltk7sdiLsab0-_GKT-k7qDcU71NNk91nUe2u2IPuthuKvK8Hu7fwZCW4VtnVhUtDrwv4CiCalB0rXCU4jCAb1pWQkRCjUkynYGwpRiBIXBj3h_6QzfG:1unHLo:LK1E-Xnan4_q757O06pO-IB5J5LJ1fOS-xjr6hPYAwk", "expire_date": "2025-08-30T13:53:40.538Z"}}, {"model": "sessions.session", "pk": "ld4bcval8tyxmku4qvdda7u170ofuh1o", "fields": {"session_data": ".eJxVjEsOwjAMBe-SNYoSk7Q2S_Y9QxUnNi2gVOpnhbg7VOoCtm9m3sv0aVuHfltk7sdiLsab0-_GKT-k7qDcU71NNk91nUe2u2IPuthuKvK8Hu7fwZCW4VtnVhUtDrwv4CiCalB0rXCU4jCAb1pWQkRCjUkynYGwpRiBIXBj3h_6QzfG:1ukq6S:cBih_tUcTREGYOTN11N2JZOMQGwYC6RAFZzhQAzGR9w", "expire_date": "2025-08-23T20:23:44.862Z"}}, {"model": "sessions.session", "pk": "leap9bfat3tavza72s8qksxuvb2lahh9", "fields": {"session_data": ".eJxVjEsOwjAMBe-SNYoSk7Q2S_Y9QxUnNi2gVOpnhbg7VOoCtm9m3sv0aVuHfltk7sdiLsab0-_GKT-k7qDcU71NNk91nUe2u2IPuthuKvK8Hu7fwZCW4VtnVhUtDrwv4CiCalB0rXCU4jCAb1pWQkRCjUkynYGwpRiBIXBj3h_6QzfG:1uJdY7:hIXHiQqbdHyr2dboYA-MErk8I-CvvmKU14n-xWTBG2s", "expire_date": "2025-06-09T19:31:51.732Z"}}, {"model": "sessions.session", "pk": "mopzk8o0konu7a44lm8gk25hc7nlg07s", "fields": {"session_data": ".eJxVjEsOwjAMBe-SNYoSk7Q2S_Y9QxUnNi2gVOpnhbg7VOoCtm9m3sv0aVuHfltk7sdiLsab0-_GKT-k7qDcU71NNk91nUe2u2IPuthuKvK8Hu7fwZCW4VtnVhUtDrwv4CiCalB0rXCU4jCAb1pWQkRCjUkynYGwpRiBIXBj3h_6QzfG:1uk6nY:nOhG96InDUyE5of4Hf2-IbnsmkHmwKDu0KFpgmzFWko", "expire_date": "2025-08-21T20:01:12.877Z"}}, {"model": "sessions.session", "pk": "mswvmm5anaiazysl8r8khysvfzv5mtdg", "fields": {"session_data": ".eJxVjEsOwjAMBe-SNYoSk7Q2S_Y9QxUnNi2gVOpnhbg7VOoCtm9m3sv0aVuHfltk7sdiLsab0-_GKT-k7qDcU71NNk91nUe2u2IPuthuKvK8Hu7fwZCW4VtnVhUtDrwv4CiCalB0rXCU4jCAb1pWQkRCjUkynYGwpRiBIXBj3h_6QzfG:1uJ0ed:U6WPYv0mt6SS9WcQUR60ZHWq3wT06wDCpBRSuOwRAj0", "expire_date": "2025-06-08T01:59:59.162Z"}}, {"model": "sessions.session", "pk": "osf97te59ju259ry6ex2q5xgye0uh2qn", "fields": {"session_data": ".eJxVjEsOwjAMBe-SNYoSk7Q2S_Y9QxUnNi2gVOpnhbg7VOoCtm9m3sv0aVuHfltk7sdiLsab0-_GKT-k7qDcU71NNk91nUe2u2IPuthuKvK8Hu7fwZCW4VtnVhUtDrwv4CiCalB0rXCU4jCAb1pWQkRCjUkynYGwpRiBIXBj3h_6QzfG:1ujlg3:ZyAEZgl_2Maph_JAkuOirk6jX1GUMWdMoNEkpWkCZzs", "expire_date": "2025-08-20T21:28:03.792Z"}}, {"model": "sessions.session", "pk": "ownjwvpc6p8zk1jm9miprz4yhawrtg0l", "fields": {"session_data": ".eJxVjEsOwjAMBe-SNYoSk7Q2S_Y9QxUnNi2gVOpnhbg7VOoCtm9m3sv0aVuHfltk7sdiLsab0-_GKT-k7qDcU71NNk91nUe2u2IPuthuKvK8Hu7fwZCW4VtnVhUtDrwv4CiCalB0rXCU4jCAb1pWQkRCjUkynYGwpRiBIXBj3h_6QzfG:1uJToh:BdYluHOXo6sY_tuKv_-vzaKs6LgamS6qF4Hqd9dD04E", "expire_date": "2025-06-09T09:08:19.650Z"}}, {"model": "sessions.session", "pk": "vxjgjxbygwcx3xkhvl9pyvlpqb92l6t6", "fields": {"session_data": ".eJxVjEsOwjAMBe-SNYoSk7Q2S_Y9QxUnNi2gVOpnhbg7VOoCtm9m3sv0aVuHfltk7sdiLsab0-_GKT-k7qDcU71NNk91nUe2u2IPuthuKvK8Hu7fwZCW4VtnVhUtDrwv4CiCalB0rXCU4jCAb1pWQkRCjUkynYGwpRiBIXBj3h_6QzfG:1uJeya:oN_tOLXgeY2t_N3sj8-sM5fUa-lBVgJ1-Xcd897cw1k", "expire_date": "2025-06-09T21:03:16.593Z"}}, {"model": "panel.platform", "pk": 1, "fields": {"name": "instagram", "icon": "fab fa-instagram", "desc": "Instagram'da ihtiyaçlarýnýza uygun paketlerle etkileþimi artýrmaya ve hesabýnýzý geliþtirmeye hazýr mýsýnýz?", "slug": "instagram"}}, {"model": "panel.platform", "pk": 2, "fields": {"name": "youtube", "icon": "fab fa-youtube", "desc": "Son dönemin en popüler mecrasýnda sizde varolan yerinizi güçlendirin yada Youtube hizmetlerimizle bomba gibi bir giriþ yapýn", "slug": "youtube"}}, {"model": "panel.platform", "pk": 3, "fields": {"name": "tiktok", "icon": "fab fa-tiktok", "desc": "Son dönemin en popüler mecrasýnda sizde varolan yerinizi güçlendirin yada Tiktok hizmetlerimizle bomba gibi bir giriþ yapýn", "slug": "tiktok"}}, {"model": "panel.platform", "pk": 4, "fields": {"name": "x", "icon": "fab fa-twitter", "desc": "Son dönemin en popüler mecrasýnda sizde varolan yerinizi güçlendirin yada Twitter hizmetlerimizle bomba gibi bir giriþ yapýn", "slug": "x"}}, {"model": "panel.platform", "pk": 5, "fields": {"name": "size özel", "icon": "fas fa-gift", "desc": "Tüm Müþterilerimize Özel Hizmetlerimiz", "slug": "size-ozel"}}, {"model": "panel.category", "pk": 1, "fields": {"platform": 1, "name": "Türk Takipçi Paketleri", "icon": "fas fa-users", "desc": "Kurumsal yada bireysel Instagram hesaplarýnýz için güvenli takipçi paketlerine göz atýn ve..", "slug": "instagram-takipci-satin-al"}}, {"model": "panel.category", "pk": 2, "fields": {"platform": 1, "name": "Beðeni Paketleri", "icon": "fab fa-gratipay", "desc": "Instagram'da paylaþtýðýnýz gönderilerinize yeterince beðeni alamýyor musunuz. Þimdi Instag..", "slug": "instagram-begeni-satin-al"}}, {"model": "panel.category", "pk": 3, "fields": {"platform": 1, "name": "Yorum Paketleri", "icon": "fas fa-comments", "desc": "Kurumsal yada bireysel Instagram hesaplarýnýz için güvenli yorum paketlerine göz atýn ve u..", "slug": "instagram-yorum-satin-al"}}, {"model": "panel.category", "pk": 4, "fields": {"platform": 1, "name": "Ýzlenme Paketleri", "icon": "fas fa-eye", "desc": "Kurumsal yada bireysel Instagram hesaplarýnýz için güvenli izlenme paketlerine göz atýn ve..", "slug": "instagram-izlenme-satin-al"}}, {"model": "panel.category", "pk": 5, "fields": {"platform": 2, "name": "Abone Paketleri", "icon": "fas fa-users", "desc": "Youtube'da kanalýný geliþtirmek ve kitleni artýrmak için þimdi abone paketlerimizi incele ..", "slug": "youtube-abone-satin-al"}}, {"model": "panel.category", "pk": 6, "fields": {"platform": 2, "name": "Ýzlenme Paketleri", "icon": "fas fa-eye", "desc": "Youtube Videolarýnýz için izlenme satýn al..", "slug": "youtube-izlenme-satin-al"}}, {"model": "panel.category", "pk": 7, "fields": {"platform": 3, "name": "Takipçi Paketleri", "icon": "fas fa-users", "desc": "Kurumsal yada bireysel Instagram hesaplarýnýz için güvenli takipçi paketlerine göz atýn ve..", "slug": "tiktok-takipci-satin-al"}}, {"model": "panel.category", "pk": 8, "fields": {"platform": 3, "name": "Beðeni Paketleri", "icon": "fab fa-gratipay", "desc": "Tiktok\\'da paylaþtýðýnýz gönderilerinize yeterince beðeni alamýyor musunuz. Þimdi Instagra..", "slug": "tiktok-begeni-satin-al"}}, {"model": "panel.category", "pk": 9, "fields": {"platform": 3, "name": "Ýzlenme Paketleri", "icon": "fas fa-eye", "desc": "Kurumsal yada bireysel Instagram hesaplarýnýz için güvenli izlenme paketlerine göz atýn ve..", "slug": "tiktok-izlenme-satin-al"}}, {"model": "panel.category", "pk": 10, "fields": {"platform": 4, "name": "Takipçi Paketleri", "icon": "fas fa-users", "desc": "Twitter'da fenomen olmak yada mevcut kitlenizi artýrmak için etkileþimi yüksek paketlerimi..", "slug": "twitter-takipci-satin-al"}}, {"model": "panel.category", "pk": 11, "fields": {"platform": 4, "name": "Beðeni Paketleri", "icon": "fas fa-heart", "desc": "Tweetlerinin beðeni sayýsýný artýrmak için en uygun paketlere þimdi göz at..", "slug": "twitter-begeni-satin-al"}}, {"model": "panel.category", "pk": 12, "fields": {"platform": 5, "name": "En Uygun YSRmedia Paketleri", "icon": "fab fa-gratipay", "desc": "Sizlere Özel Olarak Sunduðumuz Fiyatlar.", "slug": "ysrmedia-paket-satin-al"}}, {"model": "panel.package", "pk": 1, "fields": {"category": 1, "name": "Instagram", "price": "95.00", "orprice": "10.00", "is_best_seller": false, "is_active": true, "quantity": "2000 Takipçi", "icon": "fab fa-instagram", "text1": "Karýþýk Kullanýcýlar", "text2": "0-1 Saatte Tamamlanýr", "text3": "Düþüþ Olmaz (Garantili)", "text4": "Havale/Eft Ýle Ödeme"}}, {"model": "panel.package", "pk": 2, "fields": {"category": 1, "name": "Instagram", "price": "185.00", "orprice": "10.00", "is_best_seller": false, "is_active": true, "quantity": "5000 Takipçi", "icon": "fab fa-instagram", "text1": "Karýþýk Kullanýcýlar", "text2": "0-3 Saatte Tamamlanýr", "text3": "Düþüþ Olmaz (Garantili)", "text4": "Havale/Eft Ýle Ödeme"}}, {"model": "panel.package", "pk": 3, "fields": {"category": 1, "name": "Instagram", "price": "330.00", "orprice": "10.00", "is_best_seller": true, "is_active": true, "quantity": "10.000 Takipçi", "icon": "fab fa-instagram", "text1": "Karýþýk Kullanýcýlar", "text2": "0-7 Saatte Tamamlanýr", "text3": "Düþüþ Olmaz (Garantili)", "text4": "Havale/Eft Ýle Ödeme"}}, {"model": "panel.package", "pk": 4, "fields": {"category": 1, "name": "Instagram", "price": "485.00", "orprice": "10.00", "is_best_seller": false, "is_active": true, "quantity": "20.000 Takipçi", "icon": "fab fa-instagram", "text1": "Karýþýk Kullanýcýlar", "text2": "0-16 Saatte Tamamlanýr", "text3": "Düþüþ Olmaz (Garantili)", "text4": "Havale/Eft Ýle Ödeme"}}, {"model": "panel.package", "pk": 5, "fields": {"category": 1, "name": "Instagram", "price": "560.00", "orprice": "10.00", "is_best_seller": false, "is_active": true, "quantity": "50.000 Takipçi", "icon": "fab fa-instagram", "text1": "Karýþýk Kullanýcýlar", "text2": "0-20 Saatte Tamamlanýr", "text3": "Düþüþ Olmaz (Garantili)", "text4": "Havale/Eft Ýle Ödeme"}}, {"model": "panel.package", "pk": 6, "fields": {"category": 1, "name": "Instagram", "price": "1120.00", "orprice": "10.00", "is_best_seller": false, "is_active": true, "quantity": "100.000 Takipçi", "icon": "fab fa-instagram", "text1": "Karýþýk Kullanýcýlar", "text2": "0-28 Saatte Tamamlanýr", "text3": "Düþüþ Olmaz (Garantili)", "text4": "Havele/Eft Ýle Ödeme"}}, {"model": "panel.package", "pk": 7, "fields": {"category": 1, "name": "Instagram", "price": "1960.00", "orprice": "10.00", "is_best_seller": false, "is_active": true, "quantity": "200.000 Takipçi", "icon": "fab fa-instagram", "text1": "Karýþýk Kullanýcýlar", "text2": "0-35 Saatte Tamamlanýr", "text3": "Düþüþ Olmaz (Garantili)", "text4": "Havale/Eft Ýle Ödeme"}}, {"model": "panel.package", "pk": 8, "fields": {"category": 1, "name": "Instagram", "price": "2700.00", "orprice": "10.00", "is_best_seller": false, "is_active": true, "quantity": "500.000 Takipçi", "icon": "fab fa-instagram", "text1": "Karýþýk Kullanýcýlar", "text2": "0-70 Saatte Tamamlanýr", "text3": "Düþüþ Olmaz (Garantili)", "text4": "Havele/Eft Ýle Ödeme"}}, {"model": "panel.package", "pk": 9, "fields": {"category": 2, "name": "Instagram", "price": "38.00", "orprice": "10.00", "is_best_seller": false, "is_active": true, "quantity": "1000 Beðeni", "icon": "fab fa-instagram", "text1": "Türk Kullanýcýlar", "text2": "0-30 Dakikada Tamamlanýr", "text3": "Havale/Eft Ýle Ödeme", "text4": "Düþüþ Olmaz"}}, {"model": "panel.package", "pk": 10, "fields": {"category": 2, "name": "Instagram", "price": "75.00", "orprice": "10.00", "is_best_seller": false, "is_active": true, "quantity": "2000 Beðeni", "icon": "fab fa-instagram", "text1": "Türk Kullanýcýlar", "text2": "0-40 Dakikada Tamamlanýr", "text3": "Havale/Eft Ýle Ödeme", "text4": "Düþüþ Olmaz"}}, {"model": "panel.package", "pk": 11, "fields": {"category": 2, "name": "Instagram", "price": "290.00", "orprice": "10.00", "is_best_seller": true, "is_active": true, "quantity": "10.000 Beðeni", "icon": "fab fa-instagram", "text1": "Türk Kullanýcýlar", "text2": "0-2 Saatte Tamamlanýr", "text3": "Havale/Eft Ýle Ödeme", "text4": "Düþüþ Olmaz"}}, {"model": "panel.package", "pk": 12, "fields": {"category": 2, "name": "Instagram", "price": "570.00", "orprice": "10.00", "is_best_seller": false, "is_active": true, "quantity": "20.000 Beðeni", "icon": "fab fa-instagram", "text1": "Türk Kullanýcýlar", "text2": "0-4 Saatte Tamamlanýr", "text3": "Havale/Eft Ýle Ödeme", "text4": "Düþüþ Olmaz"}}, {"model": "panel.package", "pk": 13, "fields": {"category": 2, "name": "Instagram", "price": "1170.00", "orprice": "10.00", "is_best_seller": false, "is_active": true, "quantity": "50.000 Beðeni", "icon": "fab fa-instagram", "text1": "Türk Kullanýcýlar", "text2": "0-6 Saatte Tamamlanýr", "text3": "Havale/Eft Ýle Ödeme", "text4": "Düþüþ Olmaz"}}, {"model": "panel.package", "pk": 14, "fields": {"category": 2, "name": "Instagram", "price": "1950.00", "orprice": "10.00", "is_best_seller": false, "is_active": true, "quantity": "100.000 Beðeni", "icon": "fab fa-instagram", "text1": "Türk Kullanýcýlar", "text2": "0-12 Saatte Tamamlanýr", "text3": "Havale/Eft Ýle Ödeme", "text4": "Düþüþ Olmaz"}}, {"model": "panel.package", "pk": 15, "fields": {"category": 2, "name": "Instagram", "price": "7800.00", "orprice": "10.00", "is_best_seller": false, "is_active": true, "quantity": "500.000 Beðeni", "icon": "fab fa-instagram", "text1": "Türk Kullanýcýlar", "text2": "0-24 Saatte Tamamlanýr", "text3": "Havale/Eft Ýle Ödeme", "text4": "Düþüþ Olmaz"}}, {"model": "panel.package", "pk": 16, "fields": {"category": 3, "name": "Instagram", "price": "260.00", "orprice": "10.00", "is_best_seller": false, "is_active": true, "quantity": "20 Yorum", "icon": "fab fa-instagram", "text1": "Türk Aktif Hesaplar", "text2": "0-1 Saatte Tamamlanýr", "text3": "Havale/Eft Ýle Ödeme", "text4": "Keþfete Düþürür"}}, {"model": "panel.package", "pk": 17, "fields": {"category": 3, "name": "Instagram", "price": "490.00", "orprice": "10.00", "is_best_seller": false, "is_active": true, "quantity": "50 Yorum", "icon": "fab fa-instagram", "text1": "Türk Aktif Hesaplar", "text2": "0-7 Saatte Tamamlanýr", "text3": "Havale/Eft Ýle Ödeme", "text4": "Keþfete Düþürür"}}, {"model": "panel.package", "pk": 18, "fields": {"category": 3, "name": "Instagram", "price": "890.00", "orprice": "10.00", "is_best_seller": false, "is_active": true, "quantity": "100 Yorum", "icon": "fab fa-instagram", "text1": "Türk Aktif Hesaplar", "text2": "0-12 Saatte Tamamlanýr", "text3": "Havale/Eft Ýle Ödeme", "text4": "Keþfete Düþürür"}}, {"model": "panel.package", "pk": 19, "fields": {"category": 4, "name": "Instagram", "price": "150.00", "orprice": "10.00", "is_best_seller": false, "is_active": true, "quantity": "5000 Ýzlenme", "icon": "fab fa-instagram", "text1": "Türk Aktif Hesaplar", "text2": "0-40 Dakikada Tamamlanýr", "text3": "Havale/Eft Ýle Ödeme", "text4": "Keþfete Düþürür"}}, {"model": "panel.package", "pk": 20, "fields": {"category": 4, "name": "Instagram", "price": "280.00", "orprice": "10.00", "is_best_seller": false, "is_active": true, "quantity": "10.000 Ýzlenme", "icon": "fab fa-instagram", "text1": "Türk Aktif Hesaplar", "text2": "0-1 Saatte Tamamlanýr", "text3": "Havale/Eft Ýle Ödeme", "text4": "Keþfete Düþürür"}}, {"model": "panel.package", "pk": 21, "fields": {"category": 4, "name": "Instagram", "price": "535.00", "orprice": "10.00", "is_best_seller": false, "is_active": true, "quantity": "20.000 Ýzlenme", "icon": "fab fa-instagram", "text1": "Türk Aktif Hesaplar", "text2": "0-2 Saatte Tamamlanýr", "text3": "Havale/Eft Ýle Ödeme", "text4": "Keþfete Düþürür"}}, {"model": "panel.package", "pk": 22, "fields": {"category": 4, "name": "Instagram", "price": "890.00", "orprice": "10.00", "is_best_seller": false, "is_active": true, "quantity": "50.000 Ýzlenme", "icon": "fab fa-instagram", "text1": "Türk Aktif Hesaplar", "text2": "0-4 Saatte Tamamlanýr", "text3": "Havale/Eft Ýle Ödeme", "text4": "Keþfete Düþürür"}}, {"model": "panel.package", "pk": 23, "fields": {"category": 4, "name": "Instagram", "price": "1200.00", "orprice": "10.00", "is_best_seller": false, "is_active": true, "quantity": "100.000 Ýzlenme", "icon": "fab fa-instagram", "text1": "Türk Aktif Hesaplar", "text2": "0-6 Saatte Tamamlanýr", "text3": "Havale/Eft Ýle Ödeme", "text4": "Keþfete Düþürür"}}, {"model": "panel.package", "pk": 24, "fields": {"category": 4, "name": "Instagram", "price": "3400.00", "orprice": "10.00", "is_best_seller": false, "is_active": true, "quantity": "500.000 Ýzlenme", "icon": "fab fa-instagram", "text1": "Türk Aktif Hesaplar", "text2": "0-24 Saatte Tamamlanýr", "text3": "Havale/Eft Ýle Ödeme", "text4": "Keþfete Düþürür"}}, {"model": "panel.package", "pk": 25, "fields": {"category": 4, "name": "Instagram", "price": "5750.00", "orprice": "10.00", "is_best_seller": false, "is_active": true, "quantity": "1 Milyon Ýzlenme", "icon": "fab fa-instagram", "text1": "Türk Aktif Hesaplar", "text2": "0-30 Saatte Tamamlanýr", "text3": "Havale/Eft Ýle Ödeme", "text4": "Keþfete Düþürür"}}, {"model": "panel.package", "pk": 26, "fields": {"category": 5, "name": "Youtube", "price": "780.00", "orprice": "10.00", "is_best_seller": false, "is_active": true, "quantity": "1000 Türk Abone", "icon": "fab fa-youtube", "text1": "Türk Kullanýcýlar", "text2": "0-8 Saatte Tamamlanýr", "text3": "Havale/Eft Ýle Ödeme", "text4": "Düþüþ Olmaz (Garantili)"}}, {"model": "panel.package", "pk": 27, "fields": {"category": 5, "name": "Youtube", "price": "1450.00", "orprice": "10.00", "is_best_seller": true, "is_active": true, "quantity": "2000 Türk Abone", "icon": "fab fa-youtube", "text1": "Türk Kullanýcýlar", "text2": "0-16 Saatte Tamamlanýr", "text3": "Havale/Eft Ýle Ödeme", "text4": "Düþüþ Olmaz (Garantili)"}}, {"model": "panel.package", "pk": 28, "fields": {"category": 5, "name": "Youtube", "price": "3750.00", "orprice": "10.00", "is_best_seller": false, "is_active": true, "quantity": "5000 Türk Abone", "icon": "fab fa-youtube", "text1": "Türk Kullanýcýlar", "text2": "0-24 Saatte Tamamlanýr", "text3": "Havale/Eft Ýle Ödeme", "text4": "Düþüþ Olmaz (Garantili)"}}, {"model": "panel.package", "pk": 29, "fields": {"category": 5, "name": "Youtube", "price": "6850.00", "orprice": "10.00", "is_best_seller": false, "is_active": true, "quantity": "10.000 Türk Abone", "icon": "fab fa-youtube", "text1": "Türk Kullanýcýlar", "text2": "0-38 Saatte Tamamlanýr", "text3": "Havale/Eft Ýle Ödeme", "text4": "Düþüþ Olmaz (Garantili)"}}, {"model": "panel.package", "pk": 30, "fields": {"category": 5, "name": "Youtube", "price": "12800.00", "orprice": "10.00", "is_best_seller": false, "is_active": true, "quantity": "20.000 Türk Abone", "icon": "fab fa-youtube", "text1": "Türk Kullanýcýlar", "text2": "0-45 Saatte Tamamlanýr", "text3": "Havale/Eft Ýle Ödeme", "text4": "Düþüþ Olmaz (Garantili)"}}, {"model": "panel.package", "pk": 31, "fields": {"category": 6, "name": "Youtube", "price": "170.00", "orprice": "10.00", "is_best_seller": false, "is_active": true, "quantity": "1000 Ýzlenme", "icon": "fab fa-youtube", "text1": "Türk Kullanýcýlar", "text2": "0-1 Saatte Tamamlanýr", "text3": "Havale/Eft Ýle Ödeme", "text4": "Düþüþ Olmaz (Garantili)"}}, {"model": "panel.package", "pk": 32, "fields": {"category": 6, "name": "Youtube", "price": "290.00", "orprice": "10.00", "is_best_seller": false, "is_active": true, "quantity": "2000 Ýzlenme", "icon": "fab fa-youtube", "text1": "Türk Kullanýcýlar", "text2": "0-2 Saatte Tamamlanýr", "text3": "Havale/Eft Ýle Ödeme", "text4": "Düþüþ Olmaz (Garantili)"}}, {"model": "panel.package", "pk": 33, "fields": {"category": 6, "name": "Youtube", "price": "650.00", "orprice": "10.00", "is_best_seller": false, "is_active": true, "quantity": "5000 Ýzlenme", "icon": "fab fa-youtube", "text1": "Türk Kullanýcýlar", "text2": "0-4 Saatte Tamamlanýr", "text3": "Havale/Eft Ýle Ödeme", "text4": "Düþüþ Olmaz (Garantili)"}}, {"model": "panel.package", "pk": 34, "fields": {"category": 6, "name": "Youtube", "price": "1200.00", "orprice": "10.00", "is_best_seller": false, "is_active": true, "quantity": "10.000 Ýzlenme", "icon": "fab fa-youtube", "text1": "Türk Kullanýcýlar", "text2": "0-6 Saatte Tamamlanýr", "text3": "Havale/Eft Ýle Ödeme", "text4": "Düþüþ Olmaz (Garantili)"}}, {"model": "panel.package", "pk": 35, "fields": {"category": 7, "name": "TikTok", "price": "380.00", "orprice": "10.00", "is_best_seller": false, "is_active": true, "quantity": "1000 Takipçi", "icon": "fab fa-tiktok", "text1": "Türk Aktif Hesaplar", "text2": "0-3 Saatte Tamamlanýr", "text3": "Havale/Eft Ýle Ödeme", "text4": "Düþüþ Olmaz (Garantili)"}}, {"model": "panel.package", "pk": 36, "fields": {"category": 7, "name": "TikTok", "price": "720.00", "orprice": "10.00", "is_best_seller": false, "is_active": true, "quantity": "2000 Takipçi", "icon": "fab fa-tiktok", "text1": "Türk Aktif Hesaplar", "text2": "0-5 Saatte Tamamlanýr", "text3": "Havale/Eft Ýle Ödeme", "text4": "Düþüþ Olmaz (Garantili)"}}, {"model": "panel.package", "pk": 37, "fields": {"category": 7, "name": "TikTok", "price": "1650.00", "orprice": "10.00", "is_best_seller": true, "is_active": true, "quantity": "5000 Takipçi", "icon": "fab fa-tiktok", "text1": "Türk Aktif Hesaplar", "text2": "0-8 Saatte Tamamlanýr", "text3": "Havale/Eft Ýle Ödeme", "text4": "Düþüþ Olmaz (Garantili)"}}, {"model": "panel.package", "pk": 38, "fields": {"category": 7, "name": "TikTok", "price": "3120.00", "orprice": "10.00", "is_best_seller": false, "is_active": true, "quantity": "10.000 Takipçi", "icon": "fab fa-tiktok", "text1": "Türk Aktif Hesaplar", "text2": "0-13 Saatte Tamamlanýr", "text3": "Havale/Eft Ýle Ödeme", "text4": "Düþüþ Olmaz (Garantili)"}}, {"model": "panel.package", "pk": 39, "fields": {"category": 7, "name": "TikTok", "price": "5750.00", "orprice": "10.00", "is_best_seller": false, "is_active": true, "quantity": "20.000 Takipçi", "icon": "fab fa-tiktok", "text1": "Türk Aktif Hesaplar", "text2": "0-24 Saatte Tamamlanýr", "text3": "Havale/Eft Ýle Ödeme", "text4": "Düþüþ Olmaz (Garantili)"}}, {"model": "panel.package", "pk": 40, "fields": {"category": 8, "name": "TikTok", "price": "85.00", "orprice": "10.00", "is_best_seller": false, "is_active": true, "quantity": "1000 Beðeni", "icon": "fab fa-tiktok", "text1": "Türk Kullanýcýlar", "text2": "0-40 Dakikada Tamamlanýr", "text3": "Havale/Eft Ýle Ödeme", "text4": "Düþüþ Olmaz"}}, {"model": "panel.package", "pk": 41, "fields": {"category": 8, "name": "TikTok", "price": "170.00", "orprice": "10.00", "is_best_seller": false, "is_active": true, "quantity": "2000 Beðeni", "icon": "fab fa-tiktok", "text1": "Türk Kullanýcýlar", "text2": "0-1 Saatte Tamamlanýr", "text3": "Havale/Eft Ýle Ödeme", "text4": "Düþüþ olmaz"}}, {"model": "panel.package", "pk": 42, "fields": {"category": 8, "name": "TikTok", "price": "425.00", "orprice": "10.00", "is_best_seller": false, "is_active": true, "quantity": "5000 Beðeni", "icon": "fab fa-tiktok", "text1": "Türk Kullanýcýlar", "text2": "0-5 Saatte Tamamlanýr", "text3": "Havale/Eft Ýle Ödeme", "text4": "Düþüþ Olmaz"}}, {"model": "panel.package", "pk": 43, "fields": {"category": 8, "name": "TikTok", "price": "790.00", "orprice": "10.00", "is_best_seller": false, "is_active": true, "quantity": "10.000 Beðeni", "icon": "fab fa-tiktok", "text1": "Türk Kullanýcýlar", "text2": "0-8 Saatte Tamamlanýr", "text3": "Havale/Eft Ýle Ödeme", "text4": "Düþüþ Olmaz"}}, {"model": "panel.package", "pk": 44, "fields": {"category": 9, "name": "TikTok", "price": "220.00", "orprice": "10.00", "is_best_seller": false, "is_active": true, "quantity": "5000 Ýzlenme", "icon": "fab fa-tiktok", "text1": "Türk Aktif Hesaplar", "text2": "0-1 Saatte Tamamlanýr", "text3": "Havale/Eft Ýle Ödeme", "text4": "Keþfete Düþürür"}}, {"model": "panel.package", "pk": 45, "fields": {"category": 9, "name": "TikTok", "price": "440.00", "orprice": "10.00", "is_best_seller": false, "is_active": true, "quantity": "10.000 Ýzlenme", "icon": "fab fa-tiktok", "text1": "Türk Aktif Hesaplar", "text2": "0-2 Saatte Tamamlanýr", "text3": "Havale/Eft Ýle Ödeme", "text4": "Keþfete Düþürür"}}, {"model": "panel.package", "pk": 46, "fields": {"category": 9, "name": "TikTok", "price": "770.00", "orprice": "10.00", "is_best_seller": false, "is_active": true, "quantity": "20.000 Ýzlenme", "icon": "fab fa-tiktok", "text1": "Türk Aktif Hesaplar", "text2": "0-5 Saatte Tamamlanýr", "text3": "Havale/Eft Ýle Ödeme", "text4": "Keþfete Düþürür"}}, {"model": "panel.package", "pk": 47, "fields": {"category": 9, "name": "TikTok", "price": "1650.00", "orprice": "10.00", "is_best_seller": false, "is_active": true, "quantity": "50.000 Ýzlenme", "icon": "fab fa-tiktok", "text1": "Türk Aktif Hesaplar", "text2": "0-8 Saatte Tamamlanýr", "text3": "Havale/Eft Ýle Ödeme", "text4": "Keþfete Düþürür"}}, {"model": "panel.package", "pk": 48, "fields": {"category": 9, "name": "TikTok", "price": "2950.00", "orprice": "10.00", "is_best_seller": false, "is_active": true, "quantity": "100.000 Ýzlenme", "icon": "fab fa-tiktok", "text1": "Türk Aktif Hesaplar", "text2": "0-18 Saatte Tamamlanýr", "text3": "Havale/Eft Ýle Ödeme", "text4": "Keþfete Düþürür"}}, {"model": "panel.package", "pk": 49, "fields": {"category": 10, "name": "X", "price": "380.00", "orprice": "10.00", "is_best_seller": false, "is_active": true, "quantity": "500 Takipçi", "icon": "fab fa-twitter", "text1": "Türk Kullanýcýlar", "text2": "0-1 Saatte Tamamlanýr", "text3": "Havale/Eft Ýle Ödeme", "text4": "Düþüþ Olmaz (Garantili)"}}, {"model": "panel.package", "pk": 50, "fields": {"category": 10, "name": "X", "price": "720.00", "orprice": "10.00", "is_best_seller": false, "is_active": true, "quantity": "1000 Takipçi", "icon": "fab fa-twitter", "text1": "Türk Kullanýcýlar", "text2": "0-2 Saatte Tamamlanýr", "text3": "Havale/Eft Ýle Ödeme", "text4": "Düþüþ Olmaz (Garantili)"}}, {"model": "panel.package", "pk": 51, "fields": {"category": 10, "name": "X", "price": "1380.00", "orprice": "10.00", "is_best_seller": false, "is_active": true, "quantity": "2000 Takipçi", "icon": "fab fa-twitter", "text1": "Türk Kullanýcýlar", "text2": "Türk Kullanýcýlar", "text3": "Havale/Eft Ýle Ödeme", "text4": "Düþüþ Olmaz (Garantili)"}}, {"model": "panel.package", "pk": 52, "fields": {"category": 10, "name": "X", "price": "3650.00", "orprice": "10.00", "is_best_seller": false, "is_active": true, "quantity": "5000 Takipçi", "icon": "fab fa-twitter", "text1": "Türk Kullanýcýlar", "text2": "0-14 Saatte Tamamlanýr", "text3": "Havale/Eft Ýle Ödeme", "text4": "Düþüþ Olmaz (Garantili)"}}, {"model": "panel.package", "pk": 53, "fields": {"category": 11, "name": "X", "price": "340.00", "orprice": "10.00", "is_best_seller": false, "is_active": true, "quantity": "1000 Beðeni", "icon": "fab fa-twitter", "text1": "Türk Kullanýcýlar", "text2": "0-1 Saatte Tamamlanýr", "text3": "Havale/Eft Ýle Ödeme", "text4": "Keþfete Düþürür"}}, {"model": "panel.package", "pk": 54, "fields": {"category": 11, "name": "X", "price": "640.00", "orprice": "10.00", "is_best_seller": false, "is_active": true, "quantity": "2000 Beðeni", "icon": "fab fa-twitter", "text1": "Türk Kullanýcýlar", "text2": "0-1 Saatte Tamamlanýr", "text3": "Havale/Eft Ýle Ödeme", "text4": "Keþfete Düþürür"}}, {"model": "panel.package", "pk": 55, "fields": {"category": 11, "name": "X", "price": "1450.00", "orprice": "10.00", "is_best_seller": false, "is_active": true, "quantity": "5000 Beðeni", "icon": "fab fa-twitter", "text1": "Türk Kullanýcýlar", "text2": "0-1 Saatte Tamamlanýr", "text3": "Havale/Eft Ýle Ödeme", "text4": "Keþfete Düþürür"}}, {"model": "panel.package", "pk": 56, "fields": {"category": 11, "name": "X", "price": "2750.00", "orprice": "10.00", "is_best_seller": false, "is_active": true, "quantity": "10.000 Beðeni", "icon": "fab fa-twitter", "text1": "Türk Kullanýcýlar", "text2": "0-1 Saatte Tamamlanýr", "text3": "Havale/Eft Ýle Ödeme", "text4": "Keþfete Düþürür"}}, {"model": "panel.package", "pk": 57, "fields": {"category": 12, "name": "Size Özel", "price": "38.00", "orprice": "10.00", "is_best_seller": false, "is_active": true, "quantity": "Ýnstagram 5 Türk Yorum", "icon": "fas fa-gift", "text1": "Türk Aktif Hesaplar", "text2": "0-1 Saatte Tamamlanýr", "text3": "Havale/Eft Ýle Ödeme", "text4": "Keþfete Düþürür"}}, {"model": "panel.package", "pk": 58, "fields": {"category": 12, "name": "Size Özel", "price": "36.00", "orprice": "10.00", "is_best_seller": false, "is_active": true, "quantity": "Ýnstagram 100 Takipçi", "icon": "fas fa-gift", "text1": "Türk Aktif Hesaplar", "text2": "0-30 Dakikada Tamamlanýr", "text3": "Havale/Eft Ýle Ödeme", "text4": "Düþüþ Olmaz"}}, {"model": "panel.package", "pk": 59, "fields": {"category": 12, "name": "Size Özel", "price": "50.00", "orprice": "15.00", "is_best_seller": false, "is_active": true, "quantity": "Ýnstagram 1000 Beðeni", "icon": "fas fa-gift", "text1": "Türk Aktif Hesaplar", "text2": "0-30 Dakikada Tamamlanýr", "text3": "Havale/Eft Ýle Ödeme", "text4": "Keþfete Düþürür"}}, {"model": "panel.order", "pk": 15, "fields": {"package": 59, "profile_link": "test", "full_name": "test test", "phone": "05456221321", "email": "test@test.com", "type": "bireysel", "coupon_code": "", "payment_method": "shopier", "total_price": "52.50", "status": "pending", "created_at": "2025-08-15T17:42:01.827Z"}}, {"model": "panel.contact", "pk": 1, "fields": {"full_name": "yusuf salman", "email": "yusuf  yusuf", "phone": "05461233241456", "subject": "Ýnstagram", "message": "Takipçim Gelmedi", "created_at": "2025-05-27T11:10:16.866Z"}}, {"model": "panel.paymentinfo", "pk": 1, "fields": {"full_name": "Yusuf Can", "bank_name": "Garanti BBVA", "iban": "TR12 3456 7890 1234 5678 9012 34"}}, {"model": "panel.visitor", "pk": 2, "fields": {"ip_address": "d6ce:743c:958a:22ac:4c45:bf0f:c969:4ad1", "country": "TR", "visit_date": "2025-08-16T14:02:01.134Z"}}, {"model": "admin.logentry", "pk": 1, "fields": {"action_time": "2025-05-24T23:24:06.674Z", "user": ["siser"], "content_type": ["panel", "platform"], "object_id": "1", "object_repr": "Platform object (1)", "action_flag": 1, "change_message": "[{\"added\": {}}]"}}, {"model": "admin.logentry", "pk": 2, "fields": {"action_time": "2025-05-24T23:25:13.294Z", "user": ["siser"], "content_type": ["panel", "platform"], "object_id": "2", "object_repr": "Platform object (2)", "action_flag": 1, "change_message": "[{\"added\": {}}]"}}, {"model": "admin.logentry", "pk": 3, "fields": {"action_time": "2025-05-24T23:25:45.942Z", "user": ["siser"], "content_type": ["panel", "platform"], "object_id": "3", "object_repr": "Platform object (3)", "action_flag": 1, "change_message": "[{\"added\": {}}]"}}, {"model": "admin.logentry", "pk": 4, "fields": {"action_time": "2025-05-24T23:26:22.177Z", "user": ["siser"], "content_type": ["panel", "platform"], "object_id": "4", "object_repr": "Platform object (4)", "action_flag": 1, "change_message": "[{\"added\": {}}]"}}, {"model": "admin.logentry", "pk": 5, "fields": {"action_time": "2025-05-24T23:26:59.951Z", "user": ["siser"], "content_type": ["panel", "platform"], "object_id": "5", "object_repr": "Platform object (5)", "action_flag": 1, "change_message": "[{\"added\": {}}]"}}, {"model": "admin.logentry", "pk": 6, "fields": {"action_time": "2025-05-24T23:53:01.956Z", "user": ["siser"], "content_type": ["panel", "category"], "object_id": "1", "object_repr": "Category object (1)", "action_flag": 1, "change_message": "[{\"added\": {}}]"}}, {"model": "admin.logentry", "pk": 7, "fields": {"action_time": "2025-05-24T23:55:13.869Z", "user": ["siser"], "content_type": ["panel", "category"], "object_id": "2", "object_repr": "Beðeni Paketleri", "action_flag": 1, "change_message": "[{\"added\": {}}]"}}, {"model": "admin.logentry", "pk": 8, "fields": {"action_time": "2025-05-24T23:55:46.756Z", "user": ["siser"], "content_type": ["panel", "category"], "object_id": "3", "object_repr": "Yorum Paketleri", "action_flag": 1, "change_message": "[{\"added\": {}}]"}}, {"model": "admin.logentry", "pk": 9, "fields": {"action_time": "2025-05-24T23:56:16.635Z", "user": ["siser"], "content_type": ["panel", "category"], "object_id": "4", "object_repr": "Ýzlenme Paketleri", "action_flag": 1, "change_message": "[{\"added\": {}}]"}}, {"model": "admin.logentry", "pk": 10, "fields": {"action_time": "2025-05-25T00:15:33.639Z", "user": ["siser"], "content_type": ["panel", "category"], "object_id": "5", "object_repr": "Abone Paketleri", "action_flag": 1, "change_message": "[{\"added\": {}}]"}}, {"model": "admin.logentry", "pk": 11, "fields": {"action_time": "2025-05-25T00:20:20.576Z", "user": ["siser"], "content_type": ["panel", "category"], "object_id": "5", "object_repr": "Abone Paketleri", "action_flag": 2, "change_message": "[{\"changed\": {\"fields\": [\"Slug\"]}}]"}}, {"model": "admin.logentry", "pk": 12, "fields": {"action_time": "2025-05-25T00:21:46.009Z", "user": ["siser"], "content_type": ["panel", "category"], "object_id": "6", "object_repr": "Ýzlenme Paketleri", "action_flag": 1, "change_message": "[{\"added\": {}}]"}}, {"model": "admin.logentry", "pk": 13, "fields": {"action_time": "2025-05-25T00:22:07.623Z", "user": ["siser"], "content_type": ["panel", "category"], "object_id": "6", "object_repr": "Ýzlenme Paketleri", "action_flag": 2, "change_message": "[{\"changed\": {\"fields\": [\"Slug\"]}}]"}}, {"model": "admin.logentry", "pk": 14, "fields": {"action_time": "2025-05-25T00:22:11.568Z", "user": ["siser"], "content_type": ["panel", "category"], "object_id": "1", "object_repr": "Türk Takipçi Paketleri", "action_flag": 2, "change_message": "[{\"changed\": {\"fields\": [\"Slug\"]}}]"}}, {"model": "admin.logentry", "pk": 15, "fields": {"action_time": "2025-05-25T00:22:30.898Z", "user": ["siser"], "content_type": ["panel", "category"], "object_id": "2", "object_repr": "Beðeni Paketleri", "action_flag": 2, "change_message": "[{\"changed\": {\"fields\": [\"Slug\"]}}]"}}, {"model": "admin.logentry", "pk": 16, "fields": {"action_time": "2025-05-25T00:22:37.856Z", "user": ["siser"], "content_type": ["panel", "category"], "object_id": "3", "object_repr": "Yorum Paketleri", "action_flag": 2, "change_message": "[{\"changed\": {\"fields\": [\"Slug\"]}}]"}}, {"model": "admin.logentry", "pk": 17, "fields": {"action_time": "2025-05-25T00:22:46.169Z", "user": ["siser"], "content_type": ["panel", "category"], "object_id": "4", "object_repr": "Ýzlenme Paketleri", "action_flag": 2, "change_message": "[{\"changed\": {\"fields\": [\"Slug\"]}}]"}}, {"model": "admin.logentry", "pk": 18, "fields": {"action_time": "2025-05-25T00:23:13.688Z", "user": ["siser"], "content_type": ["panel", "category"], "object_id": "5", "object_repr": "Abone Paketleri", "action_flag": 2, "change_message": "[{\"changed\": {\"fields\": [\"Slug\"]}}]"}}, {"model": "admin.logentry", "pk": 19, "fields": {"action_time": "2025-05-25T00:24:01.567Z", "user": ["siser"], "content_type": ["panel", "category"], "object_id": "6", "object_repr": "Ýzlenme Paketleri", "action_flag": 2, "change_message": "[{\"changed\": {\"fields\": [\"Slug\"]}}]"}}, {"model": "admin.logentry", "pk": 20, "fields": {"action_time": "2025-05-25T00:25:06.831Z", "user": ["siser"], "content_type": ["panel", "category"], "object_id": "7", "object_repr": "Takipçi Paketleri", "action_flag": 1, "change_message": "[{\"added\": {}}]"}}, {"model": "admin.logentry", "pk": 21, "fields": {"action_time": "2025-05-25T00:26:04.361Z", "user": ["siser"], "content_type": ["panel", "category"], "object_id": "8", "object_repr": "Beðeni Paketleri", "action_flag": 1, "change_message": "[{\"added\": {}}]"}}, {"model": "admin.logentry", "pk": 22, "fields": {"action_time": "2025-05-25T00:26:35.566Z", "user": ["siser"], "content_type": ["panel", "category"], "object_id": "9", "object_repr": "Ýzlenme Paketleri", "action_flag": 1, "change_message": "[{\"added\": {}}]"}}, {"model": "admin.logentry", "pk": 23, "fields": {"action_time": "2025-05-25T00:28:13.761Z", "user": ["siser"], "content_type": ["panel", "category"], "object_id": "10", "object_repr": "Takipçi Paketleri", "action_flag": 1, "change_message": "[{\"added\": {}}]"}}, {"model": "admin.logentry", "pk": 24, "fields": {"action_time": "2025-05-25T00:28:50.058Z", "user": ["siser"], "content_type": ["panel", "category"], "object_id": "11", "object_repr": "Beðeni Paketleri", "action_flag": 1, "change_message": "[{\"added\": {}}]"}}, {"model": "admin.logentry", "pk": 25, "fields": {"action_time": "2025-05-25T00:29:24.488Z", "user": ["siser"], "content_type": ["panel", "platform"], "object_id": "4", "object_repr": "x", "action_flag": 2, "change_message": "[{\"changed\": {\"fields\": [\"Name\", \"Slug\"]}}]"}}, {"model": "admin.logentry", "pk": 26, "fields": {"action_time": "2025-05-25T00:31:26.425Z", "user": ["siser"], "content_type": ["panel", "category"], "object_id": "12", "object_repr": "En Uygun YSRmedia Paketleri", "action_flag": 1, "change_message": "[{\"added\": {}}]"}}, {"model": "admin.logentry", "pk": 27, "fields": {"action_time": "2025-05-25T01:03:19.270Z", "user": ["siser"], "content_type": ["panel", "package"], "object_id": "1", "object_repr": "Package object (1)", "action_flag": 1, "change_message": "[{\"added\": {}}]"}}, {"model": "admin.logentry", "pk": 28, "fields": {"action_time": "2025-05-25T01:04:46.087Z", "user": ["siser"], "content_type": ["panel", "package"], "object_id": "2", "object_repr": "Instagram", "action_flag": 1, "change_message": "[{\"added\": {}}]"}}, {"model": "admin.logentry", "pk": 29, "fields": {"action_time": "2025-05-25T01:06:01.310Z", "user": ["siser"], "content_type": ["panel", "package"], "object_id": "3", "object_repr": "Instagram", "action_flag": 1, "change_message": "[{\"added\": {}}]"}}, {"model": "admin.logentry", "pk": 30, "fields": {"action_time": "2025-05-25T01:06:48.190Z", "user": ["siser"], "content_type": ["panel", "package"], "object_id": "4", "object_repr": "Instagram", "action_flag": 1, "change_message": "[{\"added\": {}}]"}}, {"model": "admin.logentry", "pk": 31, "fields": {"action_time": "2025-05-25T01:07:35.485Z", "user": ["siser"], "content_type": ["panel", "package"], "object_id": "5", "object_repr": "Instagram", "action_flag": 1, "change_message": "[{\"added\": {}}]"}}, {"model": "admin.logentry", "pk": 32, "fields": {"action_time": "2025-05-25T01:08:19.362Z", "user": ["siser"], "content_type": ["panel", "package"], "object_id": "6", "object_repr": "Instagram", "action_flag": 1, "change_message": "[{\"added\": {}}]"}}, {"model": "admin.logentry", "pk": 33, "fields": {"action_time": "2025-05-25T01:09:14.855Z", "user": ["siser"], "content_type": ["panel", "package"], "object_id": "7", "object_repr": "Instagram", "action_flag": 1, "change_message": "[{\"added\": {}}]"}}, {"model": "admin.logentry", "pk": 34, "fields": {"action_time": "2025-05-25T01:10:01.287Z", "user": ["siser"], "content_type": ["panel", "package"], "object_id": "8", "object_repr": "Instagram", "action_flag": 1, "change_message": "[{\"added\": {}}]"}}, {"model": "admin.logentry", "pk": 35, "fields": {"action_time": "2025-05-25T01:29:18.698Z", "user": ["siser"], "content_type": ["panel", "package"], "object_id": "9", "object_repr": "Instagram", "action_flag": 1, "change_message": "[{\"added\": {}}]"}}, {"model": "admin.logentry", "pk": 36, "fields": {"action_time": "2025-05-25T01:55:58.461Z", "user": ["siser"], "content_type": ["panel", "package"], "object_id": "10", "object_repr": "Instagram", "action_flag": 1, "change_message": "[{\"added\": {}}]"}}, {"model": "admin.logentry", "pk": 37, "fields": {"action_time": "2025-05-25T01:56:45.367Z", "user": ["siser"], "content_type": ["panel", "package"], "object_id": "11", "object_repr": "Instagram", "action_flag": 1, "change_message": "[{\"added\": {}}]"}}, {"model": "admin.logentry", "pk": 38, "fields": {"action_time": "2025-05-25T01:57:34.566Z", "user": ["siser"], "content_type": ["panel", "package"], "object_id": "12", "object_repr": "Instagram", "action_flag": 1, "change_message": "[{\"added\": {}}]"}}, {"model": "admin.logentry", "pk": 39, "fields": {"action_time": "2025-05-25T02:01:18.638Z", "user": ["siser"], "content_type": ["panel", "package"], "object_id": "13", "object_repr": "Instagram", "action_flag": 1, "change_message": "[{\"added\": {}}]"}}, {"model": "admin.logentry", "pk": 40, "fields": {"action_time": "2025-05-25T02:02:04.982Z", "user": ["siser"], "content_type": ["panel", "package"], "object_id": "14", "object_repr": "Instagram", "action_flag": 1, "change_message": "[{\"added\": {}}]"}}, {"model": "admin.logentry", "pk": 41, "fields": {"action_time": "2025-05-25T02:02:43.959Z", "user": ["siser"], "content_type": ["panel", "package"], "object_id": "15", "object_repr": "Instagram", "action_flag": 1, "change_message": "[{\"added\": {}}]"}}, {"model": "admin.logentry", "pk": 42, "fields": {"action_time": "2025-05-25T02:04:28.822Z", "user": ["siser"], "content_type": ["panel", "package"], "object_id": "16", "object_repr": "Instagram", "action_flag": 1, "change_message": "[{\"added\": {}}]"}}, {"model": "admin.logentry", "pk": 43, "fields": {"action_time": "2025-05-25T02:05:14.235Z", "user": ["siser"], "content_type": ["panel", "package"], "object_id": "17", "object_repr": "Instagram", "action_flag": 1, "change_message": "[{\"added\": {}}]"}}, {"model": "admin.logentry", "pk": 44, "fields": {"action_time": "2025-05-25T02:05:55.046Z", "user": ["siser"], "content_type": ["panel", "package"], "object_id": "18", "object_repr": "Instagram", "action_flag": 1, "change_message": "[{\"added\": {}}]"}}, {"model": "admin.logentry", "pk": 45, "fields": {"action_time": "2025-05-25T02:07:57.632Z", "user": ["siser"], "content_type": ["panel", "package"], "object_id": "19", "object_repr": "Instagram", "action_flag": 1, "change_message": "[{\"added\": {}}]"}}, {"model": "admin.logentry", "pk": 46, "fields": {"action_time": "2025-05-25T02:08:40.927Z", "user": ["siser"], "content_type": ["panel", "package"], "object_id": "20", "object_repr": "Instagram", "action_flag": 1, "change_message": "[{\"added\": {}}]"}}, {"model": "admin.logentry", "pk": 47, "fields": {"action_time": "2025-05-25T02:09:19.015Z", "user": ["siser"], "content_type": ["panel", "package"], "object_id": "21", "object_repr": "Instagram", "action_flag": 1, "change_message": "[{\"added\": {}}]"}}, {"model": "admin.logentry", "pk": 48, "fields": {"action_time": "2025-05-25T02:10:03.859Z", "user": ["siser"], "content_type": ["panel", "package"], "object_id": "22", "object_repr": "Instagram", "action_flag": 1, "change_message": "[{\"added\": {}}]"}}, {"model": "admin.logentry", "pk": 49, "fields": {"action_time": "2025-05-25T02:10:38.824Z", "user": ["siser"], "content_type": ["panel", "package"], "object_id": "23", "object_repr": "Instagram", "action_flag": 1, "change_message": "[{\"added\": {}}]"}}, {"model": "admin.logentry", "pk": 50, "fields": {"action_time": "2025-05-25T02:11:23.175Z", "user": ["siser"], "content_type": ["panel", "package"], "object_id": "24", "object_repr": "Instagram", "action_flag": 1, "change_message": "[{\"added\": {}}]"}}, {"model": "admin.logentry", "pk": 51, "fields": {"action_time": "2025-05-25T02:12:12.623Z", "user": ["siser"], "content_type": ["panel", "package"], "object_id": "25", "object_repr": "Instagram", "action_flag": 1, "change_message": "[{\"added\": {}}]"}}, {"model": "admin.logentry", "pk": 52, "fields": {"action_time": "2025-05-25T02:15:45.313Z", "user": ["siser"], "content_type": ["panel", "package"], "object_id": "18", "object_repr": "Instagram", "action_flag": 2, "change_message": "[{\"changed\": {\"fields\": [\"Category\"]}}]"}}, {"model": "admin.logentry", "pk": 53, "fields": {"action_time": "2025-05-25T02:18:28.412Z", "user": ["siser"], "content_type": ["panel", "package"], "object_id": "26", "object_repr": "Youtube", "action_flag": 1, "change_message": "[{\"added\": {}}]"}}, {"model": "admin.logentry", "pk": 54, "fields": {"action_time": "2025-05-25T02:19:49.241Z", "user": ["siser"], "content_type": ["panel", "package"], "object_id": "27", "object_repr": "Youtube", "action_flag": 1, "change_message": "[{\"added\": {}}]"}}, {"model": "admin.logentry", "pk": 55, "fields": {"action_time": "2025-05-25T02:20:23.819Z", "user": ["siser"], "content_type": ["panel", "package"], "object_id": "28", "object_repr": "Youtube", "action_flag": 1, "change_message": "[{\"added\": {}}]"}}, {"model": "admin.logentry", "pk": 56, "fields": {"action_time": "2025-05-25T02:21:02.057Z", "user": ["siser"], "content_type": ["panel", "package"], "object_id": "29", "object_repr": "Youtube", "action_flag": 1, "change_message": "[{\"added\": {}}]"}}, {"model": "admin.logentry", "pk": 57, "fields": {"action_time": "2025-05-25T02:24:09.457Z", "user": ["siser"], "content_type": ["panel", "package"], "object_id": "30", "object_repr": "Youtube", "action_flag": 1, "change_message": "[{\"added\": {}}]"}}, {"model": "admin.logentry", "pk": 58, "fields": {"action_time": "2025-05-25T02:24:40.913Z", "user": ["siser"], "content_type": ["panel", "package"], "object_id": "30", "object_repr": "Youtube", "action_flag": 2, "change_message": "[]"}}, {"model": "admin.logentry", "pk": 59, "fields": {"action_time": "2025-05-25T02:26:11.034Z", "user": ["siser"], "content_type": ["panel", "package"], "object_id": "26", "object_repr": "Youtube", "action_flag": 2, "change_message": "[{\"changed\": {\"fields\": [\"Price\"]}}]"}}, {"model": "admin.logentry", "pk": 60, "fields": {"action_time": "2025-05-25T02:26:45.165Z", "user": ["siser"], "content_type": ["panel", "package"], "object_id": "26", "object_repr": "Youtube", "action_flag": 2, "change_message": "[{\"changed\": {\"fields\": [\"Price\"]}}]"}}, {"model": "admin.logentry", "pk": 61, "fields": {"action_time": "2025-05-25T02:26:49.895Z", "user": ["siser"], "content_type": ["panel", "package"], "object_id": "30", "object_repr": "Youtube", "action_flag": 2, "change_message": "[{\"changed\": {\"fields\": [\"Price\"]}}]"}}, {"model": "admin.logentry", "pk": 62, "fields": {"action_time": "2025-05-25T02:28:15.698Z", "user": ["siser"], "content_type": ["panel", "package"], "object_id": "31", "object_repr": "Youtube", "action_flag": 1, "change_message": "[{\"added\": {}}]"}}, {"model": "admin.logentry", "pk": 63, "fields": {"action_time": "2025-05-25T02:29:16.213Z", "user": ["siser"], "content_type": ["panel", "package"], "object_id": "32", "object_repr": "Youtube", "action_flag": 1, "change_message": "[{\"added\": {}}]"}}, {"model": "admin.logentry", "pk": 64, "fields": {"action_time": "2025-05-25T02:29:55.321Z", "user": ["siser"], "content_type": ["panel", "package"], "object_id": "33", "object_repr": "Youtube", "action_flag": 1, "change_message": "[{\"added\": {}}]"}}, {"model": "admin.logentry", "pk": 65, "fields": {"action_time": "2025-05-25T02:30:36.523Z", "user": ["siser"], "content_type": ["panel", "package"], "object_id": "34", "object_repr": "Youtube", "action_flag": 1, "change_message": "[{\"added\": {}}]"}}, {"model": "admin.logentry", "pk": 66, "fields": {"action_time": "2025-05-25T20:33:48.128Z", "user": ["siser"], "content_type": ["panel", "package"], "object_id": "35", "object_repr": "TikTok", "action_flag": 1, "change_message": "[{\"added\": {}}]"}}, {"model": "admin.logentry", "pk": 67, "fields": {"action_time": "2025-05-25T20:34:24.783Z", "user": ["siser"], "content_type": ["panel", "package"], "object_id": "36", "object_repr": "TikTok", "action_flag": 1, "change_message": "[{\"added\": {}}]"}}, {"model": "admin.logentry", "pk": 68, "fields": {"action_time": "2025-05-25T20:34:57.127Z", "user": ["siser"], "content_type": ["panel", "package"], "object_id": "37", "object_repr": "TikTok", "action_flag": 1, "change_message": "[{\"added\": {}}]"}}, {"model": "admin.logentry", "pk": 69, "fields": {"action_time": "2025-05-25T20:35:35.455Z", "user": ["siser"], "content_type": ["panel", "package"], "object_id": "38", "object_repr": "TikTok", "action_flag": 1, "change_message": "[{\"added\": {}}]"}}, {"model": "admin.logentry", "pk": 70, "fields": {"action_time": "2025-05-25T20:36:09.759Z", "user": ["siser"], "content_type": ["panel", "package"], "object_id": "39", "object_repr": "TikTok", "action_flag": 1, "change_message": "[{\"added\": {}}]"}}, {"model": "admin.logentry", "pk": 71, "fields": {"action_time": "2025-05-25T20:37:01.600Z", "user": ["siser"], "content_type": ["panel", "package"], "object_id": "40", "object_repr": "TikTok", "action_flag": 1, "change_message": "[{\"added\": {}}]"}}, {"model": "admin.logentry", "pk": 72, "fields": {"action_time": "2025-05-25T20:37:41.087Z", "user": ["siser"], "content_type": ["panel", "package"], "object_id": "41", "object_repr": "TikTok", "action_flag": 1, "change_message": "[{\"added\": {}}]"}}, {"model": "admin.logentry", "pk": 73, "fields": {"action_time": "2025-05-25T20:38:16.904Z", "user": ["siser"], "content_type": ["panel", "package"], "object_id": "42", "object_repr": "TikTok", "action_flag": 1, "change_message": "[{\"added\": {}}]"}}, {"model": "admin.logentry", "pk": 74, "fields": {"action_time": "2025-05-25T20:38:55.152Z", "user": ["siser"], "content_type": ["panel", "package"], "object_id": "43", "object_repr": "TikTok", "action_flag": 1, "change_message": "[{\"added\": {}}]"}}, {"model": "admin.logentry", "pk": 75, "fields": {"action_time": "2025-05-25T20:39:41.512Z", "user": ["siser"], "content_type": ["panel", "package"], "object_id": "44", "object_repr": "TikTok", "action_flag": 1, "change_message": "[{\"added\": {}}]"}}, {"model": "admin.logentry", "pk": 76, "fields": {"action_time": "2025-05-25T20:40:19.632Z", "user": ["siser"], "content_type": ["panel", "package"], "object_id": "45", "object_repr": "TikTok", "action_flag": 1, "change_message": "[{\"added\": {}}]"}}, {"model": "admin.logentry", "pk": 77, "fields": {"action_time": "2025-05-25T20:40:53.728Z", "user": ["siser"], "content_type": ["panel", "package"], "object_id": "46", "object_repr": "TikTok", "action_flag": 1, "change_message": "[{\"added\": {}}]"}}, {"model": "admin.logentry", "pk": 78, "fields": {"action_time": "2025-05-25T20:41:30.281Z", "user": ["siser"], "content_type": ["panel", "package"], "object_id": "47", "object_repr": "TikTok", "action_flag": 1, "change_message": "[{\"added\": {}}]"}}, {"model": "admin.logentry", "pk": 79, "fields": {"action_time": "2025-05-25T20:42:12.567Z", "user": ["siser"], "content_type": ["panel", "package"], "object_id": "48", "object_repr": "TikTok", "action_flag": 1, "change_message": "[{\"added\": {}}]"}}, {"model": "admin.logentry", "pk": 80, "fields": {"action_time": "2025-05-25T20:43:30.088Z", "user": ["siser"], "content_type": ["panel", "package"], "object_id": "49", "object_repr": "X", "action_flag": 1, "change_message": "[{\"added\": {}}]"}}, {"model": "admin.logentry", "pk": 81, "fields": {"action_time": "2025-05-25T20:44:10.007Z", "user": ["siser"], "content_type": ["panel", "package"], "object_id": "50", "object_repr": "X", "action_flag": 1, "change_message": "[{\"added\": {}}]"}}, {"model": "admin.logentry", "pk": 82, "fields": {"action_time": "2025-05-25T20:44:56.967Z", "user": ["siser"], "content_type": ["panel", "package"], "object_id": "51", "object_repr": "X", "action_flag": 1, "change_message": "[{\"added\": {}}]"}}, {"model": "admin.logentry", "pk": 83, "fields": {"action_time": "2025-05-25T20:45:31.361Z", "user": ["siser"], "content_type": ["panel", "package"], "object_id": "52", "object_repr": "X", "action_flag": 1, "change_message": "[{\"added\": {}}]"}}, {"model": "admin.logentry", "pk": 84, "fields": {"action_time": "2025-05-25T20:46:36.527Z", "user": ["siser"], "content_type": ["panel", "package"], "object_id": "53", "object_repr": "X", "action_flag": 1, "change_message": "[{\"added\": {}}]"}}, {"model": "admin.logentry", "pk": 85, "fields": {"action_time": "2025-05-25T20:47:15.761Z", "user": ["siser"], "content_type": ["panel", "package"], "object_id": "54", "object_repr": "X", "action_flag": 1, "change_message": "[{\"added\": {}}]"}}, {"model": "admin.logentry", "pk": 86, "fields": {"action_time": "2025-05-25T20:47:49.584Z", "user": ["siser"], "content_type": ["panel", "package"], "object_id": "55", "object_repr": "Keþfete Düþürür", "action_flag": 1, "change_message": "[{\"added\": {}}]"}}, {"model": "admin.logentry", "pk": 87, "fields": {"action_time": "2025-05-25T20:48:29.112Z", "user": ["siser"], "content_type": ["panel", "package"], "object_id": "56", "object_repr": "X", "action_flag": 1, "change_message": "[{\"added\": {}}]"}}, {"model": "admin.logentry", "pk": 88, "fields": {"action_time": "2025-05-25T20:49:17.808Z", "user": ["siser"], "content_type": ["panel", "package"], "object_id": "57", "object_repr": "Size Özel", "action_flag": 1, "change_message": "[{\"added\": {}}]"}}, {"model": "admin.logentry", "pk": 89, "fields": {"action_time": "2025-05-25T20:50:11.655Z", "user": ["siser"], "content_type": ["panel", "package"], "object_id": "58", "object_repr": "Size Özel", "action_flag": 1, "change_message": "[{\"added\": {}}]"}}, {"model": "admin.logentry", "pk": 90, "fields": {"action_time": "2025-05-25T20:50:51.607Z", "user": ["siser"], "content_type": ["panel", "package"], "object_id": "59", "object_repr": "Size Özel", "action_flag": 1, "change_message": "[{\"added\": {}}]"}}, {"model": "admin.logentry", "pk": 91, "fields": {"action_time": "2025-05-26T09:20:08.799Z", "user": ["siser"], "content_type": ["panel", "package"], "object_id": "55", "object_repr": "X", "action_flag": 2, "change_message": "[{\"changed\": {\"fields\": [\"Name\"]}}]"}}, {"model": "admin.logentry", "pk": 92, "fields": {"action_time": "2025-05-26T19:32:26.148Z", "user": ["siser"], "content_type": ["panel", "package"], "object_id": "37", "object_repr": "TikTok", "action_flag": 2, "change_message": "[{\"changed\": {\"fields\": [\"Is best seller\"]}}]"}}, {"model": "admin.logentry", "pk": 93, "fields": {"action_time": "2025-05-26T19:32:48.207Z", "user": ["siser"], "content_type": ["panel", "package"], "object_id": "27", "object_repr": "Youtube", "action_flag": 2, "change_message": "[{\"changed\": {\"fields\": [\"Is best seller\"]}}]"}}, {"model": "admin.logentry", "pk": 94, "fields": {"action_time": "2025-05-26T19:33:03.185Z", "user": ["siser"], "content_type": ["panel", "package"], "object_id": "3", "object_repr": "Instagram", "action_flag": 2, "change_message": "[{\"changed\": {\"fields\": [\"Is best seller\"]}}]"}}, {"model": "admin.logentry", "pk": 95, "fields": {"action_time": "2025-05-26T19:33:15.423Z", "user": ["siser"], "content_type": ["panel", "package"], "object_id": "11", "object_repr": "Instagram", "action_flag": 2, "change_message": "[{\"changed\": {\"fields\": [\"Is best seller\"]}}]"}}, {"model": "admin.logentry", "pk": 96, "fields": {"action_time": "2025-05-26T19:42:13.216Z", "user": ["siser"], "content_type": ["panel", "package"], "object_id": "59", "object_repr": "Size Özel", "action_flag": 2, "change_message": "[{\"changed\": {\"fields\": [\"Is best seller\"]}}]"}}, {"model": "admin.logentry", "pk": 97, "fields": {"action_time": "2025-05-26T19:42:26.087Z", "user": ["siser"], "content_type": ["panel", "package"], "object_id": "59", "object_repr": "Size Özel", "action_flag": 2, "change_message": "[{\"changed\": {\"fields\": [\"Is best seller\"]}}]"}}, {"model": "admin.logentry", "pk": 98, "fields": {"action_time": "2025-05-27T10:03:10.419Z", "user": ["siser"], "content_type": ["panel", "order"], "object_id": "4", "object_repr": "yusuf solmaz - Instagram", "action_flag": 2, "change_message": "[{\"changed\": {\"fields\": [\"Profile link\"]}}]"}}, {"model": "admin.logentry", "pk": 99, "fields": {"action_time": "2025-05-27T11:39:25.920Z", "user": ["siser"], "content_type": ["panel", "paymentinfo"], "object_id": "1", "object_repr": "Yusuf Can - Garanti BBVA", "action_flag": 1, "change_message": "[{\"added\": {}}]"}}, {"model": "admin.logentry", "pk": 100, "fields": {"action_time": "2025-05-27T11:47:04.543Z", "user": ["siser"], "content_type": ["panel", "platform"], "object_id": "6", "object_repr": "spotify", "action_flag": 1, "change_message": "[{\"added\": {}}]"}}, {"model": "admin.logentry", "pk": 101, "fields": {"action_time": "2025-05-27T11:47:42.519Z", "user": ["siser"], "content_type": ["panel", "platform"], "object_id": "6", "object_repr": "spotify", "action_flag": 2, "change_message": "[{\"changed\": {\"fields\": [\"Icon\"]}}]"}}, {"model": "admin.logentry", "pk": 102, "fields": {"action_time": "2025-05-27T11:52:19.656Z", "user": ["siser"], "content_type": ["panel", "platform"], "object_id": "6", "object_repr": "spotify", "action_flag": 3, "change_message": ""}}, {"model": "admin.logentry", "pk": 103, "fields": {"action_time": "2025-08-06T21:32:41.375Z", "user": ["siser"], "content_type": ["panel", "order"], "object_id": "22", "object_repr": "test test - TikTok", "action_flag": 3, "change_message": ""}}, {"model": "admin.logentry", "pk": 104, "fields": {"action_time": "2025-08-06T21:32:41.389Z", "user": ["siser"], "content_type": ["panel", "order"], "object_id": "21", "object_repr": "test test - Instagram", "action_flag": 3, "change_message": ""}}, {"model": "admin.logentry", "pk": 105, "fields": {"action_time": "2025-08-06T21:32:41.396Z", "user": ["siser"], "content_type": ["panel", "order"], "object_id": "20", "object_repr": "test test - Youtube", "action_flag": 3, "change_message": ""}}, {"model": "admin.logentry", "pk": 106, "fields": {"action_time": "2025-08-06T21:32:41.409Z", "user": ["siser"], "content_type": ["panel", "order"], "object_id": "19", "object_repr": "test test - Instagram", "action_flag": 3, "change_message": ""}}, {"model": "admin.logentry", "pk": 107, "fields": {"action_time": "2025-08-06T21:32:41.417Z", "user": ["siser"], "content_type": ["panel", "order"], "object_id": "18", "object_repr": "test test - Instagram", "action_flag": 3, "change_message": ""}}, {"model": "admin.logentry", "pk": 108, "fields": {"action_time": "2025-08-06T21:32:41.430Z", "user": ["siser"], "content_type": ["panel", "order"], "object_id": "17", "object_repr": "yusuf dalman - Youtube", "action_flag": 3, "change_message": ""}}, {"model": "admin.logentry", "pk": 109, "fields": {"action_time": "2025-08-06T21:32:41.439Z", "user": ["siser"], "content_type": ["panel", "order"], "object_id": "16", "object_repr": "test test - Instagram", "action_flag": 3, "change_message": ""}}, {"model": "admin.logentry", "pk": 110, "fields": {"action_time": "2025-08-06T21:32:41.448Z", "user": ["siser"], "content_type": ["panel", "order"], "object_id": "15", "object_repr": "test  test - TikTok", "action_flag": 3, "change_message": ""}}, {"model": "admin.logentry", "pk": 111, "fields": {"action_time": "2025-08-06T21:32:41.458Z", "user": ["siser"], "content_type": ["panel", "order"], "object_id": "14", "object_repr": "test test - Instagram", "action_flag": 3, "change_message": ""}}, {"model": "admin.logentry", "pk": 112, "fields": {"action_time": "2025-08-06T21:32:41.465Z", "user": ["siser"], "content_type": ["panel", "order"], "object_id": "13", "object_repr": "test tewst - Youtube", "action_flag": 3, "change_message": ""}}, {"model": "admin.logentry", "pk": 113, "fields": {"action_time": "2025-08-06T21:32:41.475Z", "user": ["siser"], "content_type": ["panel", "order"], "object_id": "12", "object_repr": "test test - Instagram", "action_flag": 3, "change_message": ""}}, {"model": "admin.logentry", "pk": 114, "fields": {"action_time": "2025-08-06T21:32:41.479Z", "user": ["siser"], "content_type": ["panel", "order"], "object_id": "11", "object_repr": "test test - Youtube", "action_flag": 3, "change_message": ""}}, {"model": "admin.logentry", "pk": 115, "fields": {"action_time": "2025-08-06T21:32:41.491Z", "user": ["siser"], "content_type": ["panel", "order"], "object_id": "10", "object_repr": "test test - Youtube", "action_flag": 3, "change_message": ""}}, {"model": "admin.logentry", "pk": 116, "fields": {"action_time": "2025-08-06T21:32:41.504Z", "user": ["siser"], "content_type": ["panel", "order"], "object_id": "9", "object_repr": "test test - Instagram", "action_flag": 3, "change_message": ""}}, {"model": "admin.logentry", "pk": 117, "fields": {"action_time": "2025-08-06T21:32:41.512Z", "user": ["siser"], "content_type": ["panel", "order"], "object_id": "8", "object_repr": "test test - Instagram", "action_flag": 3, "change_message": ""}}, {"model": "admin.logentry", "pk": 118, "fields": {"action_time": "2025-08-06T21:32:41.519Z", "user": ["siser"], "content_type": ["panel", "order"], "object_id": "7", "object_repr": "test test - Instagram", "action_flag": 3, "change_message": ""}}, {"model": "admin.logentry", "pk": 119, "fields": {"action_time": "2025-08-06T21:32:41.527Z", "user": ["siser"], "content_type": ["panel", "order"], "object_id": "6", "object_repr": "test test - Youtube", "action_flag": 3, "change_message": ""}}, {"model": "admin.logentry", "pk": 120, "fields": {"action_time": "2025-08-06T21:32:41.535Z", "user": ["siser"], "content_type": ["panel", "order"], "object_id": "5", "object_repr": "test test - Instagram", "action_flag": 3, "change_message": ""}}, {"model": "admin.logentry", "pk": 121, "fields": {"action_time": "2025-08-06T21:32:41.542Z", "user": ["siser"], "content_type": ["panel", "order"], "object_id": "4", "object_repr": "yusuf solmaz - Instagram", "action_flag": 3, "change_message": ""}}, {"model": "admin.logentry", "pk": 122, "fields": {"action_time": "2025-08-06T21:32:41.552Z", "user": ["siser"], "content_type": ["panel", "order"], "object_id": "3", "object_repr": "test test - Instagram", "action_flag": 3, "change_message": ""}}, {"model": "admin.logentry", "pk": 123, "fields": {"action_time": "2025-08-06T21:32:41.561Z", "user": ["siser"], "content_type": ["panel", "order"], "object_id": "2", "object_repr": "test test - Youtube", "action_flag": 3, "change_message": ""}}, {"model": "admin.logentry", "pk": 124, "fields": {"action_time": "2025-08-06T21:32:41.570Z", "user": ["siser"], "content_type": ["panel", "order"], "object_id": "1", "object_repr": "test test - Instagram", "action_flag": 3, "change_message": ""}}, {"model": "admin.logentry", "pk": 125, "fields": {"action_time": "2025-08-07T20:02:14.380Z", "user": ["siser"], "content_type": ["panel", "package"], "object_id": "59", "object_repr": "Size Özel", "action_flag": 2, "change_message": "[{\"changed\": {\"fields\": [\"Orprice\"]}}]"}}, {"model": "admin.logentry", "pk": 126, "fields": {"action_time": "2025-08-07T20:02:25.622Z", "user": ["siser"], "content_type": ["panel", "package"], "object_id": "59", "object_repr": "Size Özel", "action_flag": 2, "change_message": "[{\"changed\": {\"fields\": [\"Price\"]}}]"}}, {"model": "admin.logentry", "pk": 127, "fields": {"action_time": "2025-08-07T20:58:36.459Z", "user": ["siser"], "content_type": ["panel", "order"], "object_id": "10", "object_repr": "test test - Size Özel", "action_flag": 2, "change_message": "[{\"changed\": {\"fields\": [\"Profile link\", \"Status\"]}}]"}}, {"model": "admin.logentry", "pk": 128, "fields": {"action_time": "2025-08-07T20:58:55.207Z", "user": ["siser"], "content_type": ["panel", "order"], "object_id": "9", "object_repr": "test test - Instagram", "action_flag": 2, "change_message": "[{\"changed\": {\"fields\": [\"Profile link\", \"Status\"]}}]"}}, {"model": "admin.logentry", "pk": 129, "fields": {"action_time": "2025-08-07T20:59:28.954Z", "user": ["siser"], "content_type": ["panel", "order"], "object_id": "11", "object_repr": "test test - Youtube", "action_flag": 2, "change_message": "[{\"changed\": {\"fields\": [\"Profile link\", \"Status\"]}}]"}}, {"model": "admin.logentry", "pk": 130, "fields": {"action_time": "2025-08-07T21:10:06.303Z", "user": ["siser"], "content_type": ["panel", "order"], "object_id": "8", "object_repr": "test test - Instagram", "action_flag": 2, "change_message": "[{\"changed\": {\"fields\": [\"Profile link\", \"Status\"]}}]"}}, {"model": "admin.logentry", "pk": 131, "fields": {"action_time": "2025-08-15T17:10:30.375Z", "user": ["siser"], "content_type": ["panel", "order"], "object_id": "12", "object_repr": "test test - Instagram", "action_flag": 2, "change_message": "[{\"changed\": {\"fields\": [\"Profile link\", \"Status\"]}}]"}}, {"model": "admin.logentry", "pk": 132, "fields": {"action_time": "2025-08-15T17:16:50.708Z", "user": ["siser"], "content_type": ["panel", "order"], "object_id": "6", "object_repr": "test test - Instagram", "action_flag": 2, "change_message": "[{\"changed\": {\"fields\": [\"Profile link\", \"Status\"]}}]"}}, {"model": "admin.logentry", "pk": 133, "fields": {"action_time": "2025-08-15T17:25:01.275Z", "user": ["siser"], "content_type": ["panel", "order"], "object_id": "12", "object_repr": "test test - Instagram", "action_flag": 3, "change_message": ""}}, {"model": "admin.logentry", "pk": 134, "fields": {"action_time": "2025-08-15T17:25:01.284Z", "user": ["siser"], "content_type": ["panel", "order"], "object_id": "11", "object_repr": "test test - Youtube", "action_flag": 3, "change_message": ""}}, {"model": "admin.logentry", "pk": 135, "fields": {"action_time": "2025-08-15T17:25:01.293Z", "user": ["siser"], "content_type": ["panel", "order"], "object_id": "10", "object_repr": "test test - Size Özel", "action_flag": 3, "change_message": ""}}, {"model": "admin.logentry", "pk": 136, "fields": {"action_time": "2025-08-15T17:25:01.301Z", "user": ["siser"], "content_type": ["panel", "order"], "object_id": "9", "object_repr": "test test - Instagram", "action_flag": 3, "change_message": ""}}, {"model": "admin.logentry", "pk": 137, "fields": {"action_time": "2025-08-15T17:25:01.308Z", "user": ["siser"], "content_type": ["panel", "order"], "object_id": "8", "object_repr": "test test - Instagram", "action_flag": 3, "change_message": ""}}, {"model": "admin.logentry", "pk": 138, "fields": {"action_time": "2025-08-15T17:25:01.316Z", "user": ["siser"], "content_type": ["panel", "order"], "object_id": "7", "object_repr": "test test - Youtube", "action_flag": 3, "change_message": ""}}, {"model": "admin.logentry", "pk": 139, "fields": {"action_time": "2025-08-15T17:25:01.325Z", "user": ["siser"], "content_type": ["panel", "order"], "object_id": "6", "object_repr": "test test - Instagram", "action_flag": 3, "change_message": ""}}, {"model": "admin.logentry", "pk": 140, "fields": {"action_time": "2025-08-15T17:25:01.332Z", "user": ["siser"], "content_type": ["panel", "order"], "object_id": "5", "object_repr": "test test - Youtube", "action_flag": 3, "change_message": ""}}, {"model": "admin.logentry", "pk": 141, "fields": {"action_time": "2025-08-15T17:25:01.339Z", "user": ["siser"], "content_type": ["panel", "order"], "object_id": "4", "object_repr": "test test - Instagram", "action_flag": 3, "change_message": ""}}, {"model": "admin.logentry", "pk": 142, "fields": {"action_time": "2025-08-15T17:25:01.347Z", "user": ["siser"], "content_type": ["panel", "order"], "object_id": "3", "object_repr": "test test - Instagram", "action_flag": 3, "change_message": ""}}, {"model": "admin.logentry", "pk": 143, "fields": {"action_time": "2025-08-15T17:25:01.354Z", "user": ["siser"], "content_type": ["panel", "order"], "object_id": "2", "object_repr": "test test - Instagram", "action_flag": 3, "change_message": ""}}, {"model": "admin.logentry", "pk": 144, "fields": {"action_time": "2025-08-15T17:25:01.361Z", "user": ["siser"], "content_type": ["panel", "order"], "object_id": "1", "object_repr": "test test - Size Özel", "action_flag": 3, "change_message": ""}}, {"model": "admin.logentry", "pk": 145, "fields": {"action_time": "2025-08-15T17:25:29.174Z", "user": ["siser"], "content_type": ["panel", "order"], "object_id": "13", "object_repr": "test test - Instagram", "action_flag": 1, "change_message": "[{\"added\": {}}]"}}, {"model": "admin.logentry", "pk": 146, "fields": {"action_time": "2025-08-15T17:38:06.895Z", "user": ["siser"], "content_type": ["panel", "visitor"], "object_id": "1", "object_repr": "Visitor from teasdasd on 15.08.2025 17:38", "action_flag": 1, "change_message": "[{\"added\": {}}]"}}, {"model": "admin.logentry", "pk": 147, "fields": {"action_time": "2025-08-15T17:38:36.866Z", "user": ["siser"], "content_type": ["panel", "visitor"], "object_id": "1", "object_repr": "Visitor from teasdasd on 15.08.2025 17:38", "action_flag": 3, "change_message": ""}}, {"model": "admin.logentry", "pk": 148, "fields": {"action_time": "2025-08-15T17:39:25.863Z", "user": ["siser"], "content_type": ["panel", "order"], "object_id": "13", "object_repr": "test test - Instagram", "action_flag": 3, "change_message": ""}}, {"model": "admin.logentry", "pk": 149, "fields": {"action_time": "2025-08-15T17:41:01.997Z", "user": ["siser"], "content_type": ["panel", "order"], "object_id": "14", "object_repr": "test test - TikTok", "action_flag": 3, "change_message": ""}}, {"model": "admin.logentry", "pk": 150, "fields": {"action_time": "2025-08-15T17:41:36.728Z", "user": ["siser"], "content_type": ["panel", "package"], "object_id": "59", "object_repr": "Size Özel", "action_flag": 2, "change_message": "[{\"changed\": {\"fields\": [\"Price\", \"Orprice\"]}}]"}}, {"model": "admin.logentry", "pk": 151, "fields": {"action_time": "2025-08-16T14:02:01.135Z", "user": ["siser"], "content_type": ["panel", "visitor"], "object_id": "2", "object_repr": "Visitor from TR on 16.08.2025 14:02", "action_flag": 1, "change_message": "[{\"added\": {}}]"}}]